t,src,nbr,cluster,attack_type,attack_active,B,C,S,H,rho,trust_before,action,trust_after,pdr,delay_norm,qos,reward,reward_base,gray_penalty,onoff_penalty,collusion_penalty,pred_malicious,true_malicious,route_score,selected_next_hop
0,0,7,0,none,0,0.9166666865348816,0.8846843242645264,0.09886626899242401,0.0,0.0,0.5,2,0.55,1.0,0.14973488254432812,0.9550795352367015,0.9475927911094851,0.9475927911094851,0.0,0.0,0.0,0,0,0.5988968793121585,7
0,0,22,0,onoff,1,0.5833333134651184,0.8490151762962341,0.09886626899242401,0.0,0.0,0.5,1,0.5,0.6,0.21458787518582842,0.6556236374442515,0.5248942436849601,0.5248942436849601,0.0,0.0,0.0,0,1,0.4690873150848009,7
0,0,35,0,none,0,0.9166666865348816,0.8986979722976685,0.09886626899242401,0.0,0.0,0.5,1,0.5,1.0,0.12425549351917403,0.9627233519442477,0.9565105772682891,0.9565105772682891,0.0,0.0,0.0,0,0,0.5765722151597996,7
0,0,39,0,none,0,0.9166666865348816,0.9391435980796814,0.09886626899242401,0.0,0.0,0.5,0,0.45,1.0,0.05071797391635697,0.9847846078250928,0.9822487091292751,0.9822487091292751,0.0,0.0,0.0,1,0,0.5592936547180954,7
0,1,2,0,none,0,0.9166666865348816,0.9396997094154358,0.09886626899242401,0.0,0.0,0.5,1,0.5,1.0,0.04970686198905327,0.985087941403284,0.9826025983038313,0.9826025983038313,0.0,0.0,0.0,0,0,0.5843998214704623,2
0,1,24,0,none,0,0.75,0.891642689704895,0.09886626899242401,0.0,0.0,0.5,0,0.45,0.8,0.13708329411323888,0.8188750117660282,0.7520208470603664,0.7520208470603664,0.0,0.0,0.0,1,0,0.5012252960974228,2
0,1,29,0,none,0,0.8333333134651184,0.8760387301445007,0.09886626899242401,0.0,0.0,0.5,2,0.55,0.9,0.1654540777075368,0.880363776687739,0.8420910728023622,0.8420910728023622,0.0,0.0,0.0,0,0,0.5727463638200216,2
0,2,1,0,none,0,0.9166666865348816,0.8989238739013672,0.09886626899242401,0.0,0.0,0.5,1,0.5,1.0,0.12384477210326986,0.962846568369019,0.9566543297638556,0.9566543297638556,0.0,0.0,0.0,0,0,0.5766153409084696,1
0,2,13,0,collusion,1,0.25,0.8217334747314453,0.09886626899242401,0.0,0.0,0.5,2,0.55,0.2,0.26419092218715234,0.36074272334385427,0.1075331772344967,0.1075331772344967,0.0,0.0,0.0,0,1,0.3908789951496619,1
0,2,24,0,none,0,0.9166666865348816,0.868135392665863,0.09886626899242401,0.0,0.0,0.5,0,0.45,1.0,0.17982376469305786,0.9460528705920825,0.9370616823574298,0.9370616823574298,0.0,0.0,0.0,1,0,0.5457375466865418,1
0,2,29,0,none,0,0.9166666865348816,0.9051237106323242,0.09886626899242401,0.0,0.0,0.5,0,0.45,1.0,0.11257237537504461,0.9662282873874866,0.9605996686187344,0.9605996686187344,0.0,0.0,0.0,1,0,0.5527989425649332,1
0,3,4,0,none,0,0.9166666865348816,0.9226030707359314,0.09886626899242401,0.0,0.0,0.5,2,0.55,1.0,0.08079165597157259,0.9757625032085282,0.9717229204099496,0.9717229204099496,0.0,0.0,0.0,0,0,0.6061359181022978,4
0,3,10,0,none,0,0.9166666865348816,0.9211511015892029,0.09886626899242401,0.0,0.0,0.5,2,0.55,1.0,0.08343159871897723,0.9749705203843068,0.970798940448358,0.970798940448358,0.0,0.0,0.0,0,0,0.6058587241138202,4
0,3,12,0,none,0,0.9166666865348816,0.9076592326164246,0.09886626899242401,0.0,0.0,0.5,2,0.55,1.0,0.10796229663083541,0.9676113110107494,0.9622131961792076,0.9622131961792076,0.0,0.0,0.0,0,0,0.6032830008330752,4
0,3,15,0,grayhole,1,0.5833333134651184,0.8629209995269775,0.09886626899242401,0.0,0.0,0.5,1,0.5,0.6,0.18930448251447637,0.6632086552456571,0.5337434311199333,0.5337434311199333,0.0,0.0,0.0,0,1,0.47174207131529283,4
0,3,25,0,none,0,0.9166666865348816,0.9137901663780212,0.09886626899242401,0.0,0.0,0.5,2,0.55,1.0,0.09681512975749038,0.9709554610727529,0.9661147045848784,0.9661147045848784,0.0,0.0,0.0,0,0,0.6044534533547765,4
0,3,28,0,grayhole,1,0.4166666567325592,0.8531862497329712,0.09886626899242401,0.0,0.0,0.5,1,0.5,0.4,0.20700407449461317,0.517898777651616,0.3275485739268854,0.3275485739268854,0.0,0.0,0.0,0,1,0.42088361415737846,4
0,4,3,0,none,0,0.9166666865348816,0.9171302914619446,0.09886626899242401,0.0,0.0,0.5,2,0.55,1.0,0.0907421371986609,0.9727773588404016,0.9682402519804687,0.9682402519804687,0.0,0.0,0.0,0,0,0.6050911175734535,3
0,4,10,0,none,0,0.9166666865348816,0.9180268049240112,0.09886626899242401,0.0,0.0,0.5,0,0.45,1.0,0.08911214571170145,0.9732663562864895,0.9688107490009045,0.9688107490009045,0.0,0.0,0.0,1,0,0.5552622666795842,3
0,4,12,0,none,0,0.9166666865348816,0.9109482169151306,0.09886626899242401,0.0,0.0,0.5,2,0.55,1.0,0.10198226619775692,0.9694053201406729,0.964306206830785,0.964306206830785,0.0,0.0,0.0,0,0,0.6039109040285484,3
0,4,15,0,grayhole,1,0.75,0.9074001312255859,0.09886626899242401,0.0,0.0,0.5,0,0.45,0.8,0.10843339637641343,0.8274699810870758,0.7620483112682553,0.7620483112682553,0.0,0.0,0.0,1,1,0.5042335353597894,3
0,4,33,0,none,0,0.9166666865348816,0.8983255624771118,0.09886626899242401,0.0,0.0,0.5,0,0.45,1.0,0.12493261008874193,0.9625202169733773,0.9562735864689403,0.9562735864689403,0.0,0.0,0.0,1,0,0.551501117919995,3
0,4,38,0,none,0,0.9166666865348816,0.9022258520126343,0.09886626899242401,0.0,0.0,0.5,2,0.55,1.0,0.11784117070302032,0.9646476487890938,0.9587555902539429,0.9587555902539429,0.0,0.0,0.0,0,0,0.6022457190554957,3
0,5,6,0,none,0,0.9166666865348816,0.907800555229187,0.09886626899242401,0.0,0.0,0.5,0,0.45,1.0,0.10770536645719068,0.9676883900628428,0.9623031217399832,0.9623031217399832,0.0,0.0,0.0,1,0,0.5533099785013079,9
0,5,9,0,none,0,0.9166666865348816,0.9151955246925354,0.09886626899242401,0.0,0.0,0.5,2,0.55,1.0,0.09425993694488716,0.9717220189165339,0.9670090220692895,0.9670090220692895,0.0,0.0,0.0,0,0,0.6047217486000998,9
0,5,18,0,none,0,0.9166666865348816,0.9080177545547485,0.09886626899242401,0.0,0.0,0.5,2,0.55,1.0,0.10731037186135606,0.9678068884415931,0.9624413698485254,0.9624413698485254,0.0,0.0,0.0,0,0,0.6033514529338706,9
0,5,25,0,none,0,0.75,0.8560509085655212,0.09886626899242401,0.0,0.0,0.5,2,0.55,0.8,0.20179556472107196,0.7994613305836784,0.7293715523476249,0.7293715523476249,0.0,0.0,0.0,0,0,0.5444305076836005,9
0,6,5,0,none,0,0.8333333134651184,0.8532454967498779,0.09886626899242401,0.0,0.0,0.5,1,0.5,0.9,0.20689632188070364,0.8679311034357889,0.8275862873417538,0.8275862873417538,0.0,0.0,0.0,0,0,0.5433949281818391,18
0,6,11,0,onoff,1,0.3333333432674408,0.80866938829422,0.09886626899242401,0.0,0.0,0.5,0,0.45,0.3,0.28794381716957834,0.4236168548491265,0.19921966399064756,0.19921966399064756,0.0,0.0,0.0,1,1,0.36288494117650716,18
0,6,18,0,none,0,0.9166666865348816,0.8937544226646423,0.09886626899242401,0.0,0.0,0.5,2,0.55,1.0,0.1332438053152874,0.9600268584054137,0.9533646681396494,0.9533646681396494,0.0,0.0,0.0,0,0,0.6006284424212077,18
0,6,25,0,none,0,0.8333333134651184,0.9159489274024963,0.09886626899242401,0.0,0.0,0.5,2,0.55,0.9,0.09289013374685745,0.9021329598759427,0.8674884531885999,0.8674884531885999,0.0,0.0,0.0,0,0,0.5803655779358929,18
0,7,0,0,grayhole,1,0.5,0.8437165021896362,0.09886626899242401,0.0,0.0,0.5,1,0.5,0.5,0.22422175495691563,0.5827334735129253,0.42152238576507955,0.42152238576507955,0.0,0.0,0.0,0,1,0.4435757577088367,39
0,7,8,0,none,0,0.9166666865348816,0.9228904247283936,0.09886626899242401,0.0,0.0,0.5,2,0.55,1.0,0.08026920539471173,0.9759192383815865,0.9719057781118509,0.9719057781118509,0.0,0.0,0.0,0,0,0.6061907754128681,39
0,7,14,0,none,0,0.9166666865348816,0.9186500310897827,0.09886626899242401,0.0,0.0,0.5,0,0.45,1.0,0.08797905211493656,0.9736062843655189,0.9692073317597723,0.9692073317597723,0.0,0.0,0.0,1,0,0.5553812415072445,39
0,7,22,0,onoff,1,0.4166666567325592,0.8155999183654785,0.09886626899242401,0.0,0.0,0.5,1,0.5,0.4,0.27534281316306985,0.49739715605107904,0.30363001539292556,0.30363001539292556,0.0,0.0,0.0,0,1,0.41370804659719057,39
0,7,39,0,none,0,0.9166666865348816,0.9349992871284485,0.09886626899242401,0.0,0.0,0.5,2,0.55,1.0,0.05825312497230604,0.9825240625083081,0.9796114062596929,0.9796114062596929,0.0,0.0,0.0,0,0,0.6085024638572207,39
1,0,7,0,none,0,0.9166666865348816,0.8674812912940979,1.0,0.0,0.0,0.55,2,0.6000000000000001,1.0,0.2025797716778631,0.939226068496641,0.9290970799127479,0.9290970799127479,0.0,0.0,0.0,0,0,0.5237291257619637,7
1,0,22,0,onoff,1,0.25,0.8270118236541748,1.0,0.1666666716337204,0.0,0.5,0,0.45,0.2,0.2965255869502348,0.3510423239149295,-0.0997839589095198,0.09621604456741784,0.23333333333333336,0.0466666716337204,0.0,1,1,0.2428648151583647,7
1,0,35,0,none,0,0.9166666865348816,0.8849830627441406,1.0,0.0,0.0,0.5,2,0.55,1.0,0.15596030724855528,0.9532119078254333,0.9454138924630057,0.9454138924630057,0.0,0.0,0.0,0,0,0.503624169527041,7
1,0,39,0,none,0,0.9166666865348816,0.9065456986427307,1.0,0.0,0.0,0.45,2,0.5,1.0,0.19686534855884563,0.9409403954323463,0.931097128004404,0.931097128004404,0.0,0.0,0.0,0,0,0.4743291401894605,7
1,1,2,0,none,0,0.75,0.9015313386917114,1.0,0.0833333358168602,0.0,0.5,0,0.45,0.8,0.22961453883097718,0.7911156383507068,0.6729682447424914,0.719634911409158,0.06666666666666662,0.0,0.0,1,0,0.3968904752108867,29
1,1,24,0,none,0,0.9166666865348816,0.8843005895614624,1.0,0.0833333358168602,0.0,0.45,1,0.45,1.0,0.13016488181155397,0.9609505354565337,0.9544422913659562,0.9544422913659562,0.0,0.0,0.0,1,0,0.45633268919792613,29
1,1,29,0,none,0,0.9166666865348816,0.8745272755622864,1.0,0.0416666679084301,0.0,0.55,2,0.6000000000000001,1.0,0.12319864886018893,0.9630404053419432,0.9568804728989339,0.9568804728989339,0.0,0.0,0.0,0,0,0.5320641436578194,29
1,2,1,0,none,0,0.9166666865348816,0.8825274705886841,1.0,0.0,0.0,0.5,0,0.45,1.0,0.17180125606806004,0.9484596231795819,0.939869560376179,0.939869560376179,0.0,0.0,0.0,1,0,0.45196086990099293,24
1,2,13,0,collusion,1,0.4166666567325592,0.811545729637146,1.0,0.0833333358168602,0.0,0.55,1,0.55,0.4,0.2745192384861771,0.4976442284541468,0.30391826652983805,0.30391826652983805,0.0,0.0,0.0,0,1,0.3441754817470907,24
1,2,24,0,none,0,0.9166666865348816,0.8620437979698181,1.0,0.0,0.0,0.45,2,0.5,1.0,0.1653270541476913,0.9504018837556926,0.942135531048308,0.942135531048308,0.0,0.0,0.0,0,0,0.4776406611026317,24
1,2,29,0,none,0,0.9166666865348816,0.885453462600708,1.0,0.0,0.0,0.45,0,0.4,1.0,0.18037002081979447,0.9458889937540615,0.936870492713072,0.936870492713072,0.0,0.0,0.0,1,0,0.4260611496020609,24
1,3,4,0,none,0,0.75,0.8923446536064148,1.0,0.0833333358168602,0.0,0.55,2,0.6000000000000001,0.8,0.212760303282667,0.7961719090151999,0.6788672271844,0.7255338938510666,0.06666666666666662,0.0,0.0,0,0,0.4736601699434593,12
1,3,10,0,none,0,0.9166666865348816,0.9027470946311951,1.0,0.0,0.0,0.55,1,0.55,1.0,0.14355549084026104,0.9569333527479216,0.9497555782059086,0.9497555782059086,0.0,0.0,0.0,0,0,0.5049266752499119,12
1,3,12,0,none,0,0.9166666865348816,0.8848845958709717,1.0,0.0,0.0,0.55,2,0.6000000000000001,1.0,0.19457477097872,0.941627568706384,0.931898830157448,0.931898830157448,0.0,0.0,0.0,0,0,0.5245696508353738,12
1,3,15,0,grayhole,1,0.3333333432674408,0.8282709121704102,1.0,0.125,0.0,0.5,2,0.55,0.3,0.34788924651359465,0.40563322604592156,0.06973877067411709,0.1782387637202419,0.14999999006589257,0.0050000000000000044,0.0,0,1,0.31197163090421187,12
1,3,25,0,none,0,0.9166666865348816,0.888261079788208,1.0,0.0,0.0,0.55,0,0.5,1.0,0.20012129497447817,0.9399636115076565,0.9299575467589326,0.9299575467589326,0.0,0.0,0.0,0,0,0.47398726581581907,12
1,3,28,0,grayhole,1,0.5,0.8384031653404236,1.0,0.0416666679084301,0.0,0.5,2,0.55,0.5,0.24518269434523593,0.5764451916964292,0.41418605697916744,0.41418605697916744,0.0,0.0,0.0,0,1,0.3717558188818896,12
1,4,3,0,none,0,0.8333333134651184,0.8961124420166016,1.0,0.0416666679084301,0.0,0.55,2,0.6000000000000001,0.9,0.16670725208716283,0.8799878243738511,0.841652461769493,0.841652461769493,0.0,0.0,0.0,0,0,0.5029957403189872,38
1,4,10,0,none,0,0.9166666865348816,0.9022608995437622,1.0,0.0,0.0,0.45,2,0.5,1.0,0.13324732399095165,0.9600258028027144,0.9533634366031669,0.9533634366031669,0.0,0.0,0.0,0,0,0.48100903276908935,38
1,4,12,0,none,0,0.9166666865348816,0.907069742679596,1.0,0.0,0.0,0.55,0,0.5,1.0,0.07407256718555356,0.9777782298443338,0.9740746014850562,0.9740746014850562,0.0,0.0,0.0,0,0,0.4872223822336562,38
1,4,15,0,grayhole,1,0.5833333134651184,0.8813123106956482,1.0,0.0833333358168602,0.0,0.45,0,0.4,0.6,0.21512562275560748,0.6554623131733177,0.47803935146112025,0.5247060320355373,0.06666668653488159,0.0,0.0,1,1,0.3244118113988005,38
1,4,33,0,none,0,0.8333333134651184,0.8881198167800903,1.0,0.0416666679084301,0.0,0.45,2,0.5,0.9,0.1353696694592715,0.8893890991622185,0.852620615689255,0.852620615689255,0.0,0.0,0.0,0,0,0.4562861864949158,38
1,4,38,0,none,0,0.9166666865348816,0.8868287205696106,1.0,0.0,0.0,0.55,2,0.6000000000000001,1.0,0.159741309731541,0.9520776070805377,0.9440905415939607,0.9440905415939607,0.0,0.0,0.0,0,0,0.5282271642663275,38
1,5,6,0,none,0,0.9166666865348816,0.8926241993904114,1.0,0.0,0.0,0.45,2,0.5,1.0,0.1482672567296802,0.955519822981096,0.948106460144612,0.948106460144612,0.0,0.0,0.0,0,0,0.4794319398315229,18
1,5,9,0,none,0,0.8333333134651184,0.8965548872947693,1.0,0.0416666679084301,0.0,0.55,1,0.55,0.9,0.15581770829337838,0.8832546875119864,0.8454638020973176,0.8454638020973176,0.0,0.0,0.0,0,0,0.4791391424173346,18
1,5,18,0,none,0,0.9166666865348816,0.8868604302406311,1.0,0.0,0.0,0.55,2,0.6000000000000001,1.0,0.1841210046730708,0.9447636985980787,0.9355576483644252,0.9355576483644252,0.0,0.0,0.0,0,0,0.5256672962974669,18
1,5,25,0,none,0,0.9166666865348816,0.8573153614997864,1.0,0.0833333358168602,0.0,0.55,0,0.5,1.0,0.14271666195581784,0.9571850014132546,0.9500491683154637,0.9500491683154637,0.0,0.0,0.0,0,0,0.48001475228277835,18
1,6,5,0,none,0,0.9166666865348816,0.8568059802055359,1.0,0.0416666679084301,0.0,0.5,0,0.45,1.0,0.13390184778925815,0.9598294456632225,0.9531343532737596,0.9531343532737596,0.0,0.0,0.0,1,0,0.4559403077702672,18
1,6,11,0,onoff,1,0.3333333432674408,0.7933030724525452,1.0,0.0,0.0,0.45,0,0.4,0.3,0.3296572918724714,0.4111028124382586,0.184619947844635,0.184619947844635,0.0,0.0,0.0,1,1,0.23888598614152987,18
1,6,18,0,none,0,0.9166666865348816,0.8794187307357788,1.0,0.0,0.0,0.55,2,0.6000000000000001,1.0,0.16871092014807426,0.9493867239555777,0.9409511779481741,0.9409511779481741,0.0,0.0,0.0,0,0,0.5272853551725915,18
1,6,25,0,none,0,0.8333333134651184,0.9004645347595215,1.0,0.0,0.0,0.55,2,0.6000000000000001,0.9,0.13531900029192556,0.8894042999124223,0.852638349897826,0.852638349897826,0.0,0.0,0.0,0,0,0.5062915067574871,18
1,7,0,0,grayhole,1,0.4166666567325592,0.8249619007110596,1.0,0.0416666679084301,0.0,0.5,2,0.55,0.4,0.2864702266979308,0.4940589319906207,0.2997354206557242,0.2997354206557242,0.0,0.0,0.0,0,1,0.34292062798485656,8
1,7,8,0,none,0,0.9166666865348816,0.9049674272537231,1.0,0.0,0.0,0.55,2,0.6000000000000001,1.0,0.13747777771386688,0.9587566666858398,0.9518827778001466,0.9518827778001466,0.0,0.0,0.0,0,0,0.5305648351281832,8
1,7,14,0,none,0,0.8333333134651184,0.8854917883872986,1.0,0.0416666679084301,0.0,0.45,2,0.5,0.9,0.23752218493387955,0.8587433445198361,0.8168672352731422,0.8168672352731422,0.0,0.0,0.0,0,0,0.44556017237008194,8
1,7,22,0,onoff,1,0.3333333432674408,0.7944616675376892,1.0,0.0416666679084301,0.0,0.5,2,0.55,0.3,0.3520377842664033,0.404388664720079,0.17678677550675884,0.17678677550675884,0.0,0.0,0.0,0,1,0.311536034440167,8
1,7,39,0,none,0,0.9166666865348816,0.9101601839065552,1.0,0.0,0.0,0.55,0,0.5,1.0,0.1573774392606719,0.9527867682217983,0.9449178962587649,0.9449178962587649,0.0,0.0,0.0,0,0,0.47847537066576873,8
2,0,7,0,none,0,0.9166666865348816,0.8865248560905457,0.0,0.0,0.0,0.6000000000000001,0,0.55,1.0,0.10251266876809878,0.9692461993695702,0.9641205659311655,0.9641205659311655,0.0,0.0,0.0,0,0,0.6142361697793496,35
2,0,22,0,onoff,1,0.4166666567325592,0.8361444473266602,0.0,0.13608276844024658,0.0,0.45,1,0.45,0.4,0.23616014500086105,0.5091519564997417,0.3060860113415261,0.31734394924969866,0.0,0.016082768440246586,0.0,1,1,0.4032031847749096,35
2,0,35,0,none,0,0.9166666865348816,0.8991811871528625,0.0,0.0,0.0,0.55,2,0.6000000000000001,1.0,0.10005792950380005,0.96998262114886,0.96497972467367,0.96497972467367,0.0,0.0,0.0,0,0,0.639493917402101,35
2,0,39,0,none,0,0.9166666865348816,0.9238075017929077,0.0,0.0,0.0,0.5,2,0.55,1.0,0.04228516516078379,0.9873144504517648,0.9852001921937257,0.9852001921937257,0.0,0.0,0.0,0,0,0.6205600576581176,35
2,1,2,0,none,0,0.9166666865348816,0.9152156114578247,0.0,0.07856742292642593,0.0,0.45,0,0.4,1.0,0.0730842345908526,0.9780747296227441,0.9744205178932016,0.9744205178932016,0.0,0.0,0.0,1,0,0.5423261553679604,24
2,1,24,0,none,0,0.9166666865348816,0.9114376902580261,0.0,0.07856742292642593,0.0,0.45,1,0.45,1.0,0.022880714991627145,0.9931357855025118,0.9919917497529305,0.9919917497529305,0.0,0.0,0.0,1,0,0.5725975249258791,24
2,1,29,0,none,0,0.8333333134651184,0.8936253190040588,0.0,0.03928371146321297,0.5,0.6000000000000001,0,0.55,0.9,0.08937180963587565,0.9031884571092372,0.8687198666274435,0.8687198666274435,0.0,0.0,0.0,0,0,0.5686159590941633,24
2,2,1,0,none,0,0.9166666865348816,0.8989741206169128,0.0,0.0,0.0,0.45,2,0.5,1.0,0.09089487766930196,0.9727315366992093,0.9681867928157443,0.9681867928157443,0.0,0.0,0.0,0,0,0.5904560378447232,24
2,2,13,0,collusion,1,0.0833333358168602,0.8094010949134827,0.0,0.13608276844024658,0.0,0.55,0,0.5,0.0,0.33262702719597415,0.20021189184120775,-0.23267739568829476,-0.11641945951859094,0.14999999751647317,0.016082768440246586,0.0,0,1,0.3200741621444227,24
2,2,24,0,none,0,0.9166666865348816,0.8917176127433777,0.0,0.0,0.0,0.5,1,0.5,1.0,0.047973251645298046,0.9856080245064105,0.9832093619241457,0.9832093619241457,0.0,0.0,0.0,0,0,0.5949628085772436,24
2,2,29,0,none,0,0.8333333134651184,0.8947666883468628,0.0,0.03928371146321297,0.8660253882408142,0.4,2,0.45,0.9,0.1288077412316759,0.8913576776304972,0.8549172905689134,0.8549172905689134,0.0,0.0,0.0,1,0,0.4980040446998374,24
2,3,4,0,none,0,0.9166666865348816,0.9071054458618164,0.0,0.07856742292642593,0.0,0.6000000000000001,0,0.55,1.0,0.08326278230167572,0.9750211653094972,0.9708580261944135,0.9708580261944135,0.0,0.0,0.0,0,0,0.6162574078583241,12
2,3,10,0,none,0,0.9166666865348816,0.9161506295204163,0.0,0.0,0.0,0.55,1,0.55,1.0,0.07257487455877427,0.9782275376323677,0.974598793904429,0.974598793904429,0.0,0.0,0.0,0,0,0.6173796381713287,12
2,3,12,0,none,0,0.9166666865348816,0.913336992263794,0.0,0.0,0.0,0.6000000000000001,1,0.6000000000000001,1.0,0.013847114914784131,0.9958458655255646,0.9951535097798255,0.9951535097798255,0.0,0.0,0.0,0,0,0.6485460529339476,12
2,3,15,0,grayhole,1,0.5833333134651184,0.844164252281189,0.0,0.1178511306643486,1.0,0.55,0,0.5,0.6,0.1928967709497244,0.6621309687150827,0.5324861301675965,0.5324861301675965,0.0,0.0,0.0,0,1,0.43674583726213956,12
2,3,25,0,none,0,0.9166666865348816,0.8986284136772156,0.0,0.0,0.0,0.5,2,0.55,1.0,0.11731437802293482,0.9648056865931195,0.9589399676919728,0.9589399676919728,0.0,0.0,0.0,0,0,0.6126819903075919,12
2,3,28,0,grayhole,1,0.4166666567325592,0.8468603491783142,0.0,0.03928371146321297,0.0,0.55,1,0.55,0.4,0.2195420693420003,0.5141373791973999,0.32316027573029993,0.32316027573029993,0.0,0.0,0.0,0,1,0.45494808271908993,12
2,4,3,0,none,0,0.9166666865348816,0.9126919507980347,0.0,0.03928371146321297,0.0,0.6000000000000001,1,0.6000000000000001,1.0,0.06539002408825187,0.9803829927735244,0.9771134915691119,0.9771134915691119,0.0,0.0,0.0,0,0,0.6431340474707335,3
2,4,10,0,none,0,0.8333333134651184,0.9082609415054321,0.0,0.03928371146321297,0.0,0.5,1,0.5,0.9,0.11832868052013247,0.8945013958439603,0.8585849618179536,0.8585849618179536,0.0,0.0,0.0,0,0,0.5630754885453861,3
2,4,12,0,none,0,0.9166666865348816,0.915973424911499,0.0,0.0,0.0,0.5,0,0.45,1.0,0.09198765223833784,0.9724037043284985,0.9678043217165817,0.9678043217165817,0.0,0.0,0.0,1,0,0.5653412965149744,3
2,4,15,0,grayhole,1,0.6666666865348816,0.8912795186042786,0.0,0.06804138422012329,0.8660253882408142,0.4,0,0.35000000000000003,0.7,0.13237372399717973,0.750287882800846,0.6536691966009871,0.6536691966009871,0.0,0.0,0.0,1,1,0.3986296165094595,3
2,4,33,0,none,0,0.9166666865348816,0.9111655950546265,0.0,0.03928371146321297,1.0,0.5,2,0.55,1.0,0.040732539102173775,0.9877802382693478,0.9857436113142392,0.9857436113142392,0.0,0.0,0.0,0,0,0.5757230816061324,3
2,4,38,0,none,0,0.9166666865348816,0.9012474417686462,0.0,0.0,0.0,0.6000000000000001,0,0.55,1.0,0.09536509721190457,0.9713904708364286,0.9666222159758334,0.9666222159758334,0.0,0.0,0.0,0,0,0.61498666479275,3
2,5,6,0,none,0,0.9166666865348816,0.9210395216941833,0.0,0.0,0.0,0.5,0,0.45,1.0,0.0,1.0,1.0,1.0,0.0,0.0,0.0,1,0,0.575,18
2,5,9,0,none,0,0.9166666865348816,0.9148030281066895,0.0,0.03928371146321297,0.0,0.55,2,0.6000000000000001,1.0,0.05447237069983075,0.9836582887900507,0.9809346702550592,0.9809346702550592,0.0,0.0,0.0,0,0,0.6442804010765177,18
2,5,18,0,none,0,0.9166666865348816,0.907803475856781,0.0,0.0,0.0,0.6000000000000001,2,0.6500000000000001,1.0,0.055766004903887396,0.9832701985288337,0.9804818982836394,0.9804818982836394,0.0,0.0,0.0,0,0,0.6691445694850918,18
2,5,25,0,none,0,0.8333333134651184,0.8795911073684692,0.0,0.06804138422012329,0.0,0.5,2,0.55,0.9,0.10140710831511056,0.8995778675054669,0.8645075120897113,0.8645075120897113,0.0,0.0,0.0,0,0,0.5898522536269134,18
2,6,5,0,none,0,0.9166666865348816,0.8874382972717285,0.0,0.03928371146321297,0.0,0.45,2,0.5,1.0,0.05168769903745696,0.9844936902887629,0.98190930533689,0.98190930533689,0.0,0.0,0.0,0,0,0.594572791601067,18
2,6,11,0,onoff,1,0.3333333432674408,0.8129648566246033,0.0,0.0,0.0,0.4,1,0.4,0.3,0.2336353957691785,0.43990938126924645,0.2182276114807875,0.2182276114807875,0.0,0.0,0.0,1,1,0.35396828344423625,18
2,6,18,0,none,0,0.9166666865348816,0.9033448100090027,0.0,0.0,0.0,0.6000000000000001,2,0.6500000000000001,1.0,0.0512174371340705,0.9846347688597787,0.9820738970030753,0.9820738970030753,0.0,0.0,0.0,0,0,0.6696221691009225,18
2,6,25,0,none,0,0.9166666865348816,0.9162354469299316,0.0,0.03928371146321297,0.5,0.6000000000000001,2,0.6500000000000001,1.0,0.06237745481553569,0.9812867635553393,0.9781678908145625,0.9781678908145625,0.0,0.0,0.0,0,0,0.6459503663502991,18
2,7,0,0,grayhole,1,0.4166666567325592,0.8356415629386902,0.0,0.03928371146321297,0.0,0.55,1,0.55,0.4,0.2305112943058744,0.5108466117082376,0.319321046992944,0.319321046992944,0.0,0.0,0.0,0,1,0.4537963140978832,8
2,7,8,0,none,0,0.9166666865348816,0.9144945740699768,0.0,0.0,0.0,0.6000000000000001,2,0.6500000000000001,1.0,0.09203147766397729,0.9723905567008068,0.967788982817608,0.967788982817608,0.0,0.0,0.0,0,0,0.6653366948452824,8
2,7,14,0,none,0,0.9166666865348816,0.9063242077827454,0.0,0.03928371146321297,0.5,0.5,2,0.55,1.0,0.058925104410869254,0.9823224686767391,0.9793762134561957,0.9793762134561957,0.0,0.0,0.0,0,0,0.596312863142789,8
2,7,22,0,onoff,1,0.25,0.7980126738548279,0.0,0.06804138422012329,0.8660253882408142,0.55,0,0.5,0.2,0.32917023522792477,0.34124892943162255,0.06729041767022637,0.08479041767022635,0.024999999999999994,0.0,0.0,0,1,0.3304659828302312,8
2,7,39,0,none,0,0.9166666865348816,0.922508180141449,0.0,0.0,0.0,0.5,0,0.45,1.0,0.0654937470906312,0.9803518758728106,0.9770771885182791,0.9770771885182791,0.0,0.0,0.0,1,0,0.5681231565554837,8
3,0,7,0,none,0,0.9166666865348816,0.8170521855354309,1.0,0.0,0.0,0.55,2,0.6000000000000001,1.0,0.30018702185108964,0.9099438934446731,0.8949345423521187,0.8949345423521187,0.0,0.0,0.0,0,0,0.513480364493775,7
3,0,22,0,onoff,1,0.3333333432674408,0.7538211941719055,1.0,0.12325166165828705,0.0,0.45,0,0.4,0.3,0.4696695876519643,0.36909912370441067,0.13333948116101157,0.1356156443218125,0.0,0.0032516616582870528,0.0,1,1,0.2241846950846831,7
3,0,35,0,none,0,0.9166666865348816,0.8265435695648193,1.0,0.0,0.0,0.6000000000000001,0,0.55,1.0,0.2963565551758275,0.9110930334472517,0.8962752056884604,0.8962752056884604,0.0,0.0,0.0,0,0,0.4888825634946774,7
3,0,39,0,none,0,0.8333333134651184,0.8382194638252258,1.0,0.03608439117670059,0.29277002811431885,0.55,1,0.55,0.9,0.33006912466986743,0.8309792625990398,0.7844758063655464,0.7844758063655464,0.0,0.0,0.0,0,0,0.4476680906445195,7
3,1,2,0,none,0,0.9166666865348816,0.8350052833557129,1.0,0.07216878235340118,1.0,0.4,0,0.35000000000000003,1.0,0.3130985155726273,0.9060704453282118,0.6104155195495804,0.8904155195495804,0.0,0.0,0.35,1,0,0.34212465586487406,24
3,1,24,0,none,0,0.9166666865348816,0.84200519323349,1.0,0.07216878235340118,0.0,0.45,2,0.5,1.0,0.2546472986608882,0.9236058104017335,0.9108734454686891,0.9108734454686891,0.0,0.0,0.0,0,0,0.468262035428746,24
3,1,29,0,none,0,0.9166666865348816,0.8156143426895142,1.0,0.0416666679084301,0.5773502588272095,0.55,0,0.5,1.0,0.33902402962571226,0.8982927911122862,0.8813415896310007,0.8813415896310007,0.0,0.0,0.0,0,0,0.43342171703021504,24
3,2,1,0,none,0,0.8333333134651184,0.8299909234046936,1.0,0.03608439117670059,1.0,0.5,0,0.45,0.9,0.27458517590775605,0.8476244472276732,0.5238951884322853,0.8038951884322854,0.0,0.0,0.35,1,0,0.37166855652968556,24
3,2,13,0,collusion,1,0.5833333134651184,0.7418245077133179,1.0,0.18633899092674255,0.0,0.5,2,0.55,0.6,0.42892059072703836,0.5913238227818884,0.40344049959681677,0.44987779324553656,0.0,0.06633899092674256,0.0,0,1,0.3769633397618003,24
3,2,24,0,none,0,0.8333333134651184,0.8244585394859314,1.0,0.03608439117670059,1.0,0.5,2,0.55,0.9,0.2773297692095458,0.8468010692371363,0.522934580776659,0.802934580776659,0.0,0.0,0.35,0,0,0.4213803742329977,24
3,2,29,0,none,0,0.8333333134651184,0.8239609599113464,1.0,0.0416666679084301,0.5773502588272095,0.45,0,0.4,0.9,0.2932810700023908,0.8420156789992828,0.7973516254991633,0.7973516254991633,0.0,0.0,0.0,1,0,0.3637247277906639,24
3,3,4,0,none,0,0.8333333134651184,0.8297390937805176,1.0,0.06909634917974472,0.8660253882408142,0.55,2,0.6000000000000001,0.9,0.3106080533208613,0.8368175840037416,0.6184668707450472,0.7912871813376986,0.0,0.0,0.2160253882408142,0,0,0.4489150092482639,25
3,3,10,0,none,0,0.9166666865348816,0.8305491209030151,1.0,0.0,0.0,0.55,2,0.6000000000000001,1.0,0.3440725475437802,0.8967782357368659,0.8795746083596769,0.8795746083596769,0.0,0.0,0.0,0,0,0.5088723842960424,25
3,3,12,0,none,0,0.8333333134651184,0.8369005918502808,1.0,0.03608439117670059,0.5,0.6000000000000001,1,0.6000000000000001,0.9,0.2936418599178124,0.8419074420246563,0.7972253490287657,0.7972253490287657,0.0,0.0,0.0,0,0,0.467167601132351,25
3,3,15,0,grayhole,1,0.5,0.7657888531684875,1.0,0.10206207633018494,0.984731912612915,0.5,0,0.45,0.5,0.4311619369808176,0.5206514189057547,0.08130779196638183,0.34909332205671384,0.0,0.0,0.334731912612915,1,1,0.25791506233757233,25
3,3,25,0,none,0,0.9166666865348816,0.8312814235687256,1.0,0.0,0.0,0.55,2,0.6000000000000001,1.0,0.26529757995520775,0.9204107260134377,0.9071458470156772,0.9071458470156772,0.0,0.0,0.0,0,0,0.5171437558928426,25
3,3,28,0,grayhole,1,0.5,0.7722204327583313,1.0,0.0416666679084301,0.0,0.55,0,0.5,0.5,0.40362064527501024,0.528913806417497,0.35873277415374644,0.35873277415374644,0.0,0.0,0.0,0,1,0.33011983403426326,25
3,4,3,0,none,0,0.9166666865348816,0.8336020708084106,1.0,0.03608439117670059,0.0,0.6000000000000001,1,0.6000000000000001,1.0,0.3108962477717992,0.9067311256684603,0.8911863132798703,0.8911863132798703,0.0,0.0,0.0,0,0,0.5123558957721005,38
3,4,10,0,none,0,0.8333333134651184,0.8270191550254822,1.0,0.0416666679084301,0.8660253882408142,0.5,1,0.5,0.9,0.3319948116401095,0.8304015565079672,0.6109815053333103,0.7838018159259617,0.0,0.0,0.2160253882408142,0,0,0.3966693996247428,38
3,4,12,0,none,0,0.8333333134651184,0.8328402638435364,1.0,0.03608439117670059,0.5773502588272095,0.45,0,0.4,0.9,0.3294347552580565,0.831169573422583,0.7846978356596803,0.7846978356596803,0.0,0.0,0.0,1,0,0.35992859083881895,38
3,4,15,0,grayhole,1,0.5833333134651184,0.8045779466629028,1.0,0.06909634917974472,0.5222329497337341,0.35000000000000003,0,0.30000000000000004,0.6,0.395959659977157,0.6012121020068528,0.461414119007995,0.461414119007995,0.0,0.0,0.0,1,1,0.23192375028217146,38
3,4,33,0,none,0,0.9166666865348816,0.83856600522995,1.0,0.03608439117670059,1.0,0.55,2,0.6000000000000001,1.0,0.2743362759727265,0.917699117208182,0.6239823034095457,0.9039823034095458,0.0,0.0,0.35,0,0,0.4711946910228637,38
3,4,38,0,none,0,0.9166666865348816,0.830714762210846,1.0,0.0,0.0,0.55,2,0.6000000000000001,1.0,0.2798428450764403,0.9160471464770679,0.9020550042232459,0.9020550042232459,0.0,0.0,0.0,0,0,0.5156165030551131,38
3,5,6,0,none,0,0.9166666865348816,0.8404310345649719,1.0,0.0,0.0,0.45,2,0.5,1.0,0.3049227086355566,0.9085231874093329,0.8932770519775552,0.8932770519775552,0.0,0.0,0.0,0,0,0.46298311738140574,25
3,5,9,0,none,0,0.8333333134651184,0.8328176140785217,1.0,0.0416666679084301,0.8660253882408142,0.6000000000000001,2,0.6500000000000001,0.9,0.3246069035381969,0.8326179289385409,0.6135672731689797,0.7863875837616311,0.0,0.0,0.2160253882408142,0,0,0.47244512997544374,25
3,5,18,0,none,0,0.8333333134651184,0.830112636089325,1.0,0.03608439117670059,0.5773502588272095,0.6500000000000001,1,0.6500000000000001,0.9,0.31130550142512015,0.836608349572464,0.791043074501208,0.791043074501208,0.0,0.0,0.0,0,0,0.48683216249127736,25
3,5,25,0,none,0,0.9166666865348816,0.806469738483429,1.0,0.06909634917974472,0.0,0.55,2,0.6000000000000001,1.0,0.3349071386809679,0.8995278583957096,0.8827825014616613,0.8827825014616613,0.0,0.0,0.0,0,0,0.5098347522266377,25
3,6,5,0,none,0,0.9166666865348816,0.8173725008964539,1.0,0.03608439117670059,0.0,0.5,2,0.55,1.0,0.3021206260855076,0.9093638121743477,0.8942577808700723,0.8942577808700723,0.0,0.0,0.0,0,0,0.488277336049161,18
3,6,11,0,onoff,1,0.4166666567325592,0.7397464513778687,1.0,0.03608439117670059,1.0,0.4,0,0.35000000000000003,0.4,0.4566336950263917,0.4430098914920825,-0.039821793259237015,0.24017820674076296,0.0,0.0,0.35,1,1,0.18005346202222886,18
3,6,18,0,none,0,0.9166666865348816,0.8220325112342834,1.0,0.0,0.0,0.6500000000000001,2,0.7000000000000002,1.0,0.34136038313883765,0.8975918850583486,0.8805238659014069,0.8805238659014069,0.0,0.0,0.0,0,0,0.5591571615585614,18
3,6,25,0,none,0,0.9166666865348816,0.8400156497955322,1.0,0.0416666679084301,0.5773502588272095,0.6500000000000001,0,0.6000000000000001,1.0,0.2870594025156037,0.9138821792453189,0.8995292091195387,0.8995292091195387,0.0,0.0,0.0,0,0,0.4888780028767765,18
3,7,0,0,grayhole,1,0.5833333134651184,0.7723146080970764,1.0,0.06909634917974472,0.5,0.55,0,0.5,0.6,0.3554550767962362,0.6133634769611291,0.47559072312131734,0.47559072312131734,0.0,0.0,0.0,0,1,0.3371772133601165,8
3,7,8,0,none,0,0.9166666865348816,0.8362865447998047,1.0,0.0,0.0,0.6500000000000001,2,0.7000000000000002,1.0,0.30227438132439505,0.9093176856026814,0.8942039665364617,0.8942039665364617,0.0,0.0,0.0,0,0,0.5632611917490778,8
3,7,14,0,none,0,0.9166666865348816,0.8351471424102783,1.0,0.03608439117670059,0.5222329497337341,0.55,0,0.5,1.0,0.27451758230061013,0.9176447253098169,0.9039188461947865,0.9039188461947865,0.0,0.0,0.0,0,0,0.44267516843820875,8
3,7,22,0,onoff,1,0.25,0.7138309478759766,1.0,0.06909634917974472,0.0,0.5,0,0.45,0.2,0.5502635968170507,0.27492092095488474,0.007407741114032279,0.007407741114032279,0.0,0.0,0.0,1,1,0.216222324122349,8
3,7,39,0,none,0,0.8333333134651184,0.8459985852241516,1.0,0.03608439117670059,0.5222329497337341,0.45,0,0.4,0.9,0.2774106090118664,0.84677681729644,0.8029062868458468,0.8029062868458468,0.0,0.0,0.0,1,0,0.36787140063352697,8
4,0,7,0,none,0,0.8333333134651184,0.847988486289978,0.2734653055667877,0.03333333507180214,1.0,0.6000000000000001,2,0.6500000000000001,0.9,0.14097635258915858,0.8877070942232524,0.774087991035094,0.8506582765937946,0.0,0.0,0.0957128569483757,0,0,0.5619836245525212,39
4,0,22,0,onoff,1,0.1666666716337204,0.7817764282226562,0.2734653055667877,0.1433720886707306,0.7745966911315918,0.4,0,0.35000000000000003,0.1,0.2740087575211154,0.28779737274366535,-0.12993848816195996,0.0040969348676096196,0.1291666616996129,0.023372088670730595,0.034072872212911415,1,1,0.21215837093374404,39
4,0,35,0,none,0,0.8333333134651184,0.8591316938400269,0.2734653055667877,0.03333333507180214,1.0,0.55,2,0.6000000000000001,0.9,0.11370813712042901,0.8958875588638713,0.7836318664491493,0.8602021520078499,0.0,0.0,0.0957128569483757,0,0,0.5398467871767378,39
4,0,39,0,none,0,0.9166666865348816,0.882795512676239,0.2734653055667877,0.03333333507180214,0.05812381953001022,0.55,2,0.6000000000000001,1.0,0.019825199912536333,0.994052440026239,0.9930611800306123,0.9930611800306123,0.0,0.0,0.0,0,0,0.6165889256046141,39
4,1,2,0,none,0,0.9166666865348816,0.8760015368461609,0.2734653055667877,0.06666667014360428,1.0,0.35000000000000003,1,0.35000000000000003,1.0,0.04736501243766522,0.9857904962687003,0.9068519600881165,0.9834222456468171,0.0,0.0,0.0957128569483757,1,0,0.44631281526842786,24
4,1,24,0,none,0,0.9166666865348816,0.8744487762451172,0.2734653055667877,0.06666667014360428,0.0,0.5,2,0.55,1.0,0.08647189239062204,0.9740584322828134,0.9697348376632823,0.9697348376632823,0.0,0.0,0.0,0,0,0.5872065946615068,24
4,1,29,0,none,0,0.8333333134651184,0.8541403412818909,0.2734653055667877,0.040824830532073975,0.40824830532073975,0.5,2,0.55,0.9,0.09759231466456421,0.9007223056006307,0.8658426898674025,0.8658426898674025,0.0,0.0,0.0,0,0,0.5431677765833096,24
4,2,1,0,none,0,0.9166666865348816,0.8752130270004272,0.2734653055667877,0.03333333507180214,0.7745966911315918,0.45,2,0.5,1.0,0.0308707717438503,0.9907387684768448,0.9619369321193232,0.9891952298896524,0.0,0.0,0.034072872212911415,0,0,0.5331878594403568,1
4,2,13,0,collusion,1,0.5,0.7973478436470032,0.2734653055667877,0.17950549721717834,0.0,0.55,0,0.5,0.5,0.1287413433200743,0.6113775970039776,0.4132866817859492,0.454940529837974,0.0,0.05950549721717835,0.0,0,1,0.4352683023139143,1
4,2,24,0,none,0,0.9166666865348816,0.8663338422775269,0.2734653055667877,0.03333333507180214,1.0,0.55,0,0.5,1.0,0.06121306843549941,0.9816360794693502,0.9020051404888746,0.9785754260475752,0.0,0.0,0.0957128569483757,0,0,0.5198587693886554,1
4,2,29,0,none,0,0.8333333134651184,0.8556029796600342,0.2734653055667877,0.040824830532073975,0.40824830532073975,0.4,2,0.45,0.9,0.1241375935255313,0.8927587219423405,0.8565518422660641,0.8565518422660641,0.0,0.0,0.0,1,0,0.4903805223029081,1
4,3,4,0,none,0,0.9166666865348816,0.8716595768928528,0.2734653055667877,0.06666667014360428,0.9045340418815613,0.6000000000000001,2,0.6500000000000001,1.0,0.051338454885645576,0.9845984635343062,0.9263465571577916,0.9820315407900241,0.0,0.0,0.06960622954029069,0,0,0.6001915728207894,25
4,3,10,0,none,0,0.9166666865348816,0.8700761795043945,0.2734653055667877,0.0,0.0,0.6000000000000001,0,0.55,1.0,0.06437113777390491,0.9806886586678285,0.9774701017791333,0.9774701017791333,0.0,0.0,0.0,0,0,0.5895271738962622,25
4,3,12,0,none,0,0.9166666865348816,0.872211754322052,0.2734653055667877,0.03333333507180214,0.5773502588272095,0.6000000000000001,2,0.6500000000000001,1.0,0.07837407394059803,0.9764877778178205,0.9725690741207907,0.9725690741207907,0.0,0.0,0.0,0,0,0.6120761039515349,25
4,3,15,0,grayhole,1,0.4166666567325592,0.8023534417152405,0.2734653055667877,0.09718253463506699,0.7288689613342285,0.45,1,0.45,0.4,0.20007142878256648,0.5199785713652301,0.3127206602373018,0.32997499992610174,0.0,0.0,0.02156792461099996,1,1,0.345479540974382,25
4,3,25,0,none,0,0.9166666865348816,0.866913914680481,0.2734653055667877,0.0,0.0,0.6000000000000001,2,0.6500000000000001,1.0,0.08664306690863977,0.9740070799274081,0.9696749265819761,0.9696749265819761,0.0,0.0,0.0,0,0,0.6371886213371151,25
4,3,28,0,grayhole,1,0.3333333432674408,0.7975399494171143,0.2734653055667877,0.06236095726490021,0.0,0.5,1,0.5,0.3,0.2565295928409186,0.4330411221477244,0.19271464945955372,0.2102146425056785,0.02499999006589257,0.0,0.0,0,1,0.37285053611422564,25
4,4,3,0,none,0,0.8333333134651184,0.8755996227264404,0.2734653055667877,0.040824830532073975,0.5773502588272095,0.6000000000000001,2,0.6500000000000001,0.9,0.043847558421209104,0.9168457324736372,0.8846533545525769,0.8846533545525769,0.0,0.0,0.0,0,0,0.5912013880810707,38
4,4,10,0,none,0,0.9166666865348816,0.8769829273223877,0.2734653055667877,0.040824830532073975,0.5773502588272095,0.5,0,0.45,1.0,0.007536521722262317,0.9977390434833213,0.9973622173972082,0.9973622173972082,0.0,0.0,0.0,1,0,0.5195140469344601,38
4,4,12,0,none,0,0.9166666865348816,0.8758446574211121,0.2734653055667877,0.03333333507180214,0.6123724579811096,0.4,2,0.45,1.0,0.03913080021451096,0.9882607599356467,0.9863042199249211,0.9863042199249211,0.0,0.0,0.0,1,0,0.5146206487308485,38
4,4,15,0,grayhole,1,0.5833333134651184,0.8276873230934143,0.2734653055667877,0.06666667014360428,0.6123724579811096,0.30000000000000004,0,0.25000000000000006,0.6,0.21109258601420317,0.656672224195739,0.5261175948950289,0.5261175948950289,0.0,0.0,0.0,1,1,0.29856466122188086,38
4,4,33,0,none,0,0.9166666865348816,0.8726534843444824,0.2734653055667877,0.03333333507180214,0.6123724579811096,0.6000000000000001,2,0.6500000000000001,1.0,0.0827622047460527,0.9751713385761842,0.9710332283388815,0.9710332283388815,0.0,0.0,0.0,0,0,0.6100393512550366,38
4,4,38,0,none,0,0.9166666865348816,0.870775580406189,0.2734653055667877,0.0,0.0,0.6000000000000001,2,0.6500000000000001,1.0,0.060834850433415494,0.9817495448699753,0.9787078023483046,0.9787078023483046,0.0,0.0,0.0,0,0,0.6398984840670137,38
4,5,6,0,none,0,0.9166666865348816,0.8786354064941406,0.2734653055667877,0.0,0.0,0.5,2,0.55,1.0,0.0544203928541244,0.9836738821437626,0.9809528625010565,0.9809528625010565,0.0,0.0,0.0,0,0,0.5905720021128391,18
4,5,9,0,none,0,0.75,0.8643839955329895,0.2734653055667877,0.06236095726490021,0.8164966106414795,0.6500000000000001,0,0.6000000000000001,0.8,0.10849308652935472,0.8274520740411935,0.7081025825108005,0.7620274197147259,0.024999999999999994,0.0,0.045531046504906664,0,0,0.524152017327725,18
4,5,18,0,none,0,0.9166666865348816,0.8681520819664001,0.2734653055667877,0.03333333507180214,0.17407765984535217,0.6500000000000001,2,0.7000000000000002,1.0,0.07418064258431331,0.9777458072247059,0.9740367750954904,0.9740367750954904,0.0,0.0,0.0,0,0,0.6556636816451632,18
4,5,25,0,none,0,0.9166666865348816,0.8533644080162048,0.2734653055667877,0.06666667014360428,0.0,0.6000000000000001,2,0.6500000000000001,1.0,0.06349970811526304,0.980950087565421,0.9777751021596579,0.9777751021596579,0.0,0.0,0.0,0,0,0.6396186740104195,18
4,6,5,0,none,0,0.9166666865348816,0.8648149371147156,0.2734653055667877,0.03333333507180214,0.0,0.55,0,0.5,1.0,0.04035659789684501,0.9878930206309464,0.9858751907361043,0.9858751907361043,0.0,0.0,0.0,0,0,0.5670487005833533,18
4,6,11,0,onoff,1,0.5,0.7917150259017944,0.2734653055667877,0.06666667014360428,0.9045340418815613,0.35000000000000003,0,0.30000000000000004,0.5,0.1540637304427268,0.6037808808671818,0.39039271071281306,0.44607769434504563,0.0,0.0,0.06960622954029069,1,1,0.2919054188872959,18
4,6,18,0,none,0,0.9166666865348816,0.8706834316253662,0.2734653055667877,0.0,0.0,0.7000000000000002,2,0.7500000000000002,1.0,0.024559784597405487,0.9926320646207782,0.9914040753909081,0.9914040753909081,0.0,0.0,0.0,0,0,0.6937073659797947,18
4,6,25,0,none,0,0.9166666865348816,0.8747460246086121,0.2734653055667877,0.040824830532073975,0.6123724579811096,0.6000000000000001,2,0.6500000000000001,1.0,0.07623021334134747,0.9771309359975957,0.9733194253305284,0.9733194253305284,0.0,0.0,0.0,0,0,0.6107252103525307,18
4,7,0,0,grayhole,1,0.6666666865348816,0.8142697215080261,0.2734653055667877,0.09718253463506699,0.5555555820465088,0.5,2,0.55,0.7,0.15553675270720407,0.7433389741878387,0.6455621365524785,0.6455621365524785,0.0,0.0,0.0,0,1,0.48145478134803343,8
4,7,8,0,none,0,0.9166666865348816,0.8712875247001648,0.2734653055667877,0.0,0.0,0.7000000000000002,2,0.7500000000000002,1.0,0.0813700924926904,0.9755889722521929,0.9715204676275584,0.9715204676275584,0.0,0.0,0.0,0,0,0.6877422836507898,8
4,7,14,0,none,0,0.9166666865348816,0.8795413374900818,0.2734653055667877,0.03333333507180214,0.5144957304000854,0.5,2,0.55,1.0,0.026513234126590537,0.9920460297620228,0.9907203680556933,0.9907203680556933,0.0,0.0,0.0,0,0,0.5703499441230869,8
4,7,22,0,onoff,1,0.3333333432674408,0.7596016526222229,0.2734653055667877,0.06236095726490021,0.04583492502570152,0.45,2,0.5,0.3,0.2387459798075244,0.43837620605774263,0.21643890706736646,0.21643890706736646,0.0,0.0,0.0,0,1,0.37265524368893743,8
4,7,39,0,none,0,0.9166666865348816,0.8852142691612244,0.2734653055667877,0.03333333507180214,0.5345224738121033,0.4,0,0.35000000000000003,1.0,0.03816832974405926,0.9885495010767822,0.9866410845895792,0.9866410845895792,0.0,0.0,0.0,1,0,0.4682249592059906,8
